"Mass loss in decomposing needles during 5 years of study (mean ± standard error, n = 9)",,,,,
Incubation Days,% Initial organic matter,SE Difference,Year,Basal area removed by thinning,Graph Label
0,100,-,2000,0,GARDE Continental Forest (CF)
0,100,-,2000,0.2,
0,100,-,2000,0.3,
39.01,85.04,2.25,2000,0,
39.01,91.35,3.22,2000,0.2, 
39.01,88.75,1.39,2000,0.3,
68.17,86.08,2.06,2001,0,
68.17,88.28,5.07,2001,0.2,
68.17,86.74,1.67,2001,0.3,
93.88,82.43,3.14,2001,0,
93.88,86.49,4.59,2001,0.2,
93.88,84.40,1.03,2001,0.3,
151.44,80.57,2.06,2001,0,
151.44,84.23,1.31,2001,0.2,
151.44,81.05,0.88*,2001,0.3,