"Table S4a Litter moisture-content (%) at night and midday for all litter types and sampling dates in the manipulation study in Israel. On 11 March 2013, a rain event occurred. Wet season data for no-screen control only. Mean ± SE, n.a. = not available. Table S4b Carbon dioxide fluxes (µg C g$^{-1}$ h$^{-1}$) at night and midday for all litter types and sampling dates in the manipulation study in Israel. On 11 March 2013, CO$_2$ fluxes were measured during a rain event. Mean ± SE, n.a. = not available. Table S4c Rates of substrate-induced respiration (μg C - CO$_2$ g$^{-1}$ h$^{-1}$) for all litter types and sampling dates in the manipulation study in Israel. Mean ± SE.",,,,,,,,,,,,
Litter type,Season,Date,Nightime: No-screen,Nightime: Transparent,Nightime: Rad. Block,Midday: No-screen,Midday: Transparent,Midday: Rad. Block,No-screen,Transparent,Rad. block,Table Section
*Avena*,Dry,11-Jul-12,28.2 ± 3.2,14.3 ± 0.3,15.6 ± 0.5,3.2 ± 0.2,3.0 ± 0.3,3.6 ± 0.3,-,-,-,a
*Avena*,Dry,09-Aug-12,53.0 ± 5.1,11.9 ± 2.3,15.5 ± 2.4,5.0 ± 1.4,2.7 ± 0.2,3.2 ± 0.3,-,-,-,a
*Avena*,Dry,23-Aug-12,20.8 ± 1.3,12.0 ± 0.5,11.5 ± 0.7,3.9 ± 0.3,3.1 ± 0.1,3.5 ± 0.2,-,-,-,a
*Avena*,Dry,23-Sep-12,22.6 ± 1.3,10.8 ± 0.7,12.2 ± 0.6,2.3 ± 0.7,2.8 ± 0.2,3.4 ± 0.2,-,-,-,a
*Avena*,Wet,01-Nov-12,29.4 ± 5.7,n.a.,n.a.,4.8 ± 0.3,n.a.,n.a.,-,-,-,a
*Avena*,Wet,11-Mar-13,164.4 ± 11.6,n.a.,n.a.,n.a.,n.a.,n.a.,-,-,-,a
*Calicotome*,Dry,11-Jul-12,24.1 ± 1.3,16.7 ± 0.7,17.5 ± 1.0,2.5 ± 0.2,2.1 ± 0.2,2.7 ± 0.1,-,-,-,a
*Calicotome*,Dry,09-Aug-12,46.9 ± 4.8,17.2 ± 0.6,17.3 ± 0.9,5.4 ± 0.6,1.4 ± 0.2,1.7 ± 0.3,-,-,-,a
*Calicotome*,Dry,23-Sep-12,30.8 ± 1.9,14.3 ± 1.6,14.7 ± 0.9,5.1 ± 1.4,1.8 ± 0.2,2.6 ± 0.3,-,-,-,a
*Calicotome*,Wet,11-Mar-13,222.5 ± 40.4,n.a.,n.a.,n.a.,n.a.,n.a.,-,-,-,a
*Scabiosa*,Dry,11-Jul-12,26.1 ± 3.6,12.8 ± 0.6,13.1 ± 0.5,2.8 ± 0.2,2.0 ± 0.3,3.2 ± 0.2,-,-,-,a
*Scabiosa*,Dry,09-Aug-12,30.3 ± 2.1,9.4 ± 2.5,13.3 ± 0.8,0.6 ± 0.3,1.8 ± 0.3,2.4 ± 0.3,-,-,-,a
*Scabiosa*,Dry,23-Aug-12,16.7 ± 1.3,10.2 ± 0.3,10.6 ± 0.6,2.2 ± 0.7,2.3 ± 0.4,2.4 ± 0.5,-,-,-,a
*Scabiosa*,Dry,23-Sep-12,16.8 ± 1.4,10.9 ± 0.3,9.9 ± 0.3,1.0 ± 0.8,2.3 ± 0.2,2.4 ± 0.1,-,-,-,a
*Scabiosa*,Wet,01-Nov-12,33.2 ± 4.9,n.a.,n.a.,4.1 ± 0.2,n.a.,n.a.,-,-,-,a
*Scabiosa*,Wet,11-Mar-13,180.2 ± 23.7,n.a.,n.a.,n.a.,n.a.,n.a.,-,-,-,a
*Avena*,Dry,11-Jul-12,27.3 ± 5.3,6.6 ± 2.6,4.5 ± 1.2,27.0 ± 1.3,24.3 ± 3.8,5.9 ± 0.7,-,-,-,b
*Avena*,Dry,09-Aug-12,61.3 ± 4.8,6.8 ± 1.0,4.3 ± 2.5,26.4 ± 3.6,18.9 ± 1.7,7.2 ± 2.4,-,-,-,b
*Avena*,Dry,23-Aug-12,9.6 ± 1.1,3.7 ± 0.5,2.8 ± 0.6,25.6 ± 1.5,20.7 ± 2.6,4.7 ± 1.0,-,-,-,b
*Avena*,Dry,23-Sep-12,7.6 ± 1.3,3.7 ± 0.9,1.1 ± 0.5,17.4 ± 2.7,15.2 ± 1.5,4.3 ± 1.3,-,-,-,b
*Avena*,Wet,01-Nov-12,30.7 ± 13.4,n.a.,n.a.,14.0 ± 2.0,n.a.,n.a.,-,-,-,b
*Avena*,Wet,11-Mar-13,152.3 ± 19.0,n.a.,n.a.,n.a.,n.a.,n.a.,-,-,-,b
*Calicotome*,Dry,11-Jul-12,25.7 ± 3.2,6.8 ± 2.4,6.8 ± 2.2,32.6 ± 3.8,32.7 ± 9.0,32.7 ± 9.0,-,-,-,b
*Calicotome*,Dry,09-Aug-12,54.7 ± 8.9,7.9 ± 1.9,0.5 ± 2.1,27.6 ± 2.3,22.1 ± 2.1,22.1 ± 2.1,-,-,-,b
*Calicotome*,Dry,23-Sep-12,2.6 ± 1.5,1.3 ± 1.1,0.2 ± 1.0,14.9 ± 4.3,19.8 ± 5.1,19.8 ± 5.1,-,-,-,b
*Calicotome*,Wet,11-Mar-13,326.1 ± 75.9,n.a.,n.a.,n.a.,n.a.,n.a.,-,-,-,b
*Scabiosa*,Dry,11-Jul-12,24.3 ± 6.3,7.1 ± 4.1,8.3 ± 2.9,19.6 ± 0.9,11.9 ± 1.9,5.8 ± 0.7,-,-,-,b
*Scabiosa*,Dry,09-Aug-12,31.4 ± 3.8,6.5 ± 0.6,1.8 ± 0.5,14.6 ± 2.2,15.5 ± 2.8,2.3 ± 1.0,-,-,-,b
*Scabiosa*,Dry,23-Aug-12,4.8 ± 0.8,5.5 ± 0.8,4.5 ± 0.8,14.3 ± 0.7,10.2 ± 0.5,2.0 ± 1.1,-,-,-,b
*Scabiosa*,Dry,23-Sep-12,5.9 ± 1.7,1.5 ± 0.8,1.7 ± 1.3,9.1 ± 2.5,9.1 ± 0.9,2.0 ± 0.7,-,-,-,b
*Scabiosa*,Wet,01-Nov-12,17.7 ± 5.9,n.a.,n.a.,13.1 ± 4.5,n.a.,n.a.,-,-,-,b
*Scabiosa*,Wet,11-Mar-13,143.2 ± 20.4,n.a.,n.a.,n.a.,n.a.,n.a.,-,-,-,b
*Avena*,Dry,11-Jul-12,-,-,-,-,-,-,74.9 ± 5.0,35.3 ± 2.4,25.4 ± 2.3,c
*Avena*,Dry,09-Aug-12,-,-,-,-,-,-,83.2 ± 2.3,43.5 ± 4.0,32.0 ± 4.3,c
*Avena*,Dry,23-Aug-12,-,-,-,-,-,-,101.7 ± 14.2,50.7 ± 5.0,42.6 ± 6.3,c
*Avena*,Dry,23-Sep-12,-,-,-,-,-,-,136.7 ± 13.9,68.3 ± 8.8,45.6 ± 3.0,c
*Avena*,Wet,01-Nov-12,-,-,-,-,-,-,219.6 ± 20.4,-,-,c
*Avena*,Wet,11-Mar-13,-,-,-,-,-,-,204.7 ± 18.2,-,-,c
*Calicotome*,Dry,11-Jul-12,-,-,-,-,-,-,156.8 ± 7.3,85.6 ± 7.5,103.8 ± 3.8,c
*Calicotome*,Dry,09-Aug-12,-,-,-,-,-,-,183.9 ± 34.3,107.0 ± 6.5,86.1 ± 4.0,c
*Calicotome*,Dry,23-Sep-12,-,-,-,-,-,-,211.7 ± 10.8,146.3 ± 16.0,93.0 ± 6.7,c
*Calicotome*,Wet,11-Mar-13,-,-,-,-,-,-,57.3 ± 13.0,-,-,c
*Scabiosa*,Dry,11-Jul-12,-,-,-,-,-,-,46.5 ± 9.1,27.7 ± 2.7,26.9 ± 2.8,c
*Scabiosa*,Dry,09-Aug-12,-,-,-,-,-,-,42.8 ± 5.5,32.5 ± 0.8,36.1 ± 2.3,c
*Scabiosa*,Dry,23-Aug-12,-,-,-,-,-,-,67.1 ± 11.7,36.1 ± 2.6,35.9 ± 1.8,c
*Scabiosa*,Dry,23-Sep-12,-,-,-,-,-,-,82.6 ± 11.2,43.4 ± 6.4,39.5 ± 2.5,c
*Scabiosa*,Wet,01-Nov-12,-,-,-,-,-,-,157.9 ± 12.6,-,-,c
*Scabiosa*,Wet,11-Mar-13,-,-,-,-,-,-,170.0 ± 12.5,-,-,c
